{
    "type": "minecraft:crafting_shaped",
    "category": "misc",
    "pattern": [
      "zzz",
      " x ",
      " x "
    ],
    "key": {
      "z": [
        "minecraft:diamond"
      ],
      "x": [
        "minecraft:stick"
      ]
    },
    "result": {
      "id": "minecraft:diamond_pickaxe",
      "components": {
        "minecraft:item_name": "\"Mega MAC Hyper Super Ultra Pro Chunk Obliterator (Limited Edition!)\"",
        "minecraft:lore": [
          "{\"text\":\"Property of MAC co.\",\"italic\":true,\"color\":\"gray\"}"
        ]
      },

      "count": 1
    }
  }