{
    "type": "minecraft:crafting_shaped",
    "category": "misc",
    "pattern": [
      "zzz",
      " x ",
      " x "
    ],
    "key": {
      "z": [
        "minecraft:oak_planks",
        "minecraft:spruce_planks",
        "minecraft:birch_planks",
        "minecraft:jungle_planks",
        "minecraft:acacia_planks",
        "minecraft:dark_oak_planks"
      ],
      "x": [
        "minecraft:stick"
      ]
    },
    "result": {
      "id": "minecraft:wooden_pickaxe",
      "components": {
        "minecraft:item_name": "\"Mega MAC Pro Chunk Obliterator\"",
        "minecraft:lore": [
          "{\"text\":\"Property of MAC co.\",\"italic\":true,\"color\":\"gray\"}"
        ]
      },

      "count": 1
    }
  }